glyph-set-id,exonym,endonym,typeface,scriptsource,wikipedia,omniglot,endangeredalphabets,unicodeproposal
*Achi-999,A-chik Tokbirim,,traditional-script,,,https://omniglot.com/writing/achiktokbirim.htm,https://www.endangeredalphabets.net/alphabets/a-chik-tok-birim/,
*Haus-999,AdarÃ© Salifou (Hausa) âˆ Salifou Hausa âˆ Gobiri,Salifou,traditional-script,https://www.scriptsource.org/cms/scripts/page.php?item_id=script_detail&key=Qa16,,,,
*Adig-999,Adi Ganga,à²†à²¦à²¿ à²—à²‚à²—à²¾,traditional-font-variant,,,,,
*Adis-999,Adinkra Symbol,,traditional-script,,,,,
*Aima-999,Aima,,traditional-script,,,https://omniglot.com/writing/aima.htm,,
*Ajam-160,Ajami âˆ Ajamiyya,Ø¹Ø¬Ù…ÙŠ âˆ Ø¹Ø¬Ù…ÙŠØ©,traditional-font-variant,https://www.scriptsource.org/cms/scripts/page.php?item_id=script_detail&key=Arab,https://en.wikipedia.org/wiki/Ajami_script,,,
*Umag-999,Aka Umagbara,Aka Uli,traditional-script,,,,,https://www.unicode.org/L2/L2023/23203-update-african-scripts.pdf#page=12
*Akag-999,Akagu âˆ Neo-Nsibidi,,,,,,,
*Akka-020,Akkadian,ğ’€ğ’…—ğ’ºğ’Œ‘,traditional-font-variant,,,,,
*Alch-998,Alchemical Symbols,,semasiographic-pictographical-formal,,,,,https://en.wikipedia.org/wiki/Alchemical_Symbols_(Unicode_block)
*Alek-999,Alekanovo,,unclassified,,https://en.wikipedia.org/wiki/Alekanovo_inscription,,,
*Alja-160,Aljamiado âˆ Morisco,AljamÃ­a,traditional-font-variant,https://www.scriptsource.org/cms/scripts/page.php?item_id=script_detail&key=Arab,https://en.wikipedia.org/wiki/Aljamiado,,,
*Amas-999,Amasaba,,,,,,,
*Abim-999,Ancient Bima âˆ Old Bimanese âˆ Makassaarsch âˆ Catatan Rafless âˆ Catatan Zollinger,Aksara Bima Lama âˆ Aksara Bima Kuna âˆ Buku Mulok Bima âˆ Dompu,,,,,,https://www.unicode.org/notes/tn35/indonesian-philippine.pdf#page=43
*Musg-998,Ancient Greek Musical Notation,,traditional-notation,,https://en.wikipedia.org/wiki/Ancient_Greek_Musical_Notation,,,
*Angk-999,Angkorian Khmer,,,,,,,
*Ansa-211,Anglo-Saxon âˆ Anglo-Saxon Runes âˆ Anglo Frisian âˆ Anglo-Frisian runes,,,,https://en.wikipedia.org/wiki/Anglo-Saxon_runes,https://omniglot.com/writing/futhorc.htm,,
*Ansh-999,Anshu,Khortha Lipi,,,,,https://www.endangeredalphabets.net/anshu/,
*Sils-999,Apache Shaman âˆ Western Apache Shaman âˆ Silas John Symbols,,,,,,,
Arab-160,Arabic (Naskh),Ø§ÙÙ„Ù’Ø¹ÙØ±ÙØ¨ÙÙŠÙÙ‘Ø©Ù âˆ al-Ê¿arabiyyah,traditional-script,https://www.scriptsource.org/cms/scripts/page.php?item_id=script_detail&key=Arab,https://en.wikipedia.org/wiki/Arabic_script,https://www.omniglot.com/writing/arabic.htm,,https://en.wikipedia.org/wiki/Arabic_script_in_Unicode
*Miao-999,Archaic Miao Square âˆ Archaic Miao Square Script,,traditional-script,,,,,
*Areb-160,Arebica âˆ ĞÑ€ĞµĞ±Ğ¸Ñ†Ğ°,"Ø¹Ø±Ø¨Ù–Ù‰Ú„Ø§ ,Ø¢Ø±Û•Ø¨Ù€Ù–Ù®Ú„Ø¢",traditional-font-variant,https://www.scriptsource.org/cms/scripts/page.php?item_id=script_detail&key=Arab,https://en.wikipedia.org/wiki/Arebica,,,
*Ariy-999,Ariyaka,,traditional-script,,,https://omniglot.com/writing/ariyaka.php,,
*Arle-999,Arleng,Karbi,,,,https://www.omniglot.com/writing/arleng.htm,,
*Asaw-999,Asawansiguiru,Soninke,,,,,https://www.endangeredalphabets.net/asawansiguiru/,
*Ashc-350,Asho Chin,,traditional-font-variant,,https://en.wikipedia.org/wiki/Sh%C3%B6_language,,,
Zodi-993,Astrological symbols (Zodiac) âˆ Constellation symbols,,,,https://en.wikipedia.org/wiki/Astrological_symbols,,,https://www.unicode.org/L2/L2024/24235-constellation-symbols.pdf
*Ande-999,Aymara âˆ Andes Pictograms,,,,,,,https://www.unicode.org/notes/tn4/everson-iuc21pap.pdf#page=21
*Ayut-999,Ayutthaya,,,,,,,
*Azte-999,Aztec Numerals,,traditional-numeral,https://www.scriptsource.org/cms/scripts/page.php?item_id=script_detail&key=Qa26,https://en.wikipedia.org/wiki/Aztec_script#Numerals,,,
*Azte-999,Aztec Pictograms,,traditional-script,https://www.scriptsource.org/cms/scripts/page.php?item_id=script_detail&key=Qa26,https://en.wikipedia.org/wiki/Aztec_script,,,https://www.unicode.org/notes/tn4/everson-iuc21pap.pdf#page=19
*Babo-999,Babao Songbook,,,,,,https://www.endangeredalphabets.net/babao-songbook-script/,
*Baba-998,Baburi âˆ maÅ¡had âˆ bÄburÄ«,Khatt-i Baburi,traditional-cipher,https://www.scriptsource.org/cms/scripts/page.php?item_id=script_detail&key=Qa60,,,,https://www.unicode.org/L2/L2011/11341-khatt-i-baburi.pdf
*Badl-370,Badlit,Bisaya âˆ Visayan âˆ Sulat Bisaya âˆ Suwat Bisaya âˆ Baybayin Bisaya,traditional-font-variant,,,https://www.omniglot.com/writing/badlit.htm,https://www.endangeredalphabets.net/badlit/,
*Bagt-999,Bagatha,,,,,https://www.omniglot.com/writing/bagatha.htm,,
*Bagi-999,Bagoi,à¤¬à¤¾à¤—à¥‹à¤ˆ à¤ªà¥‹à¤¥à¥€ (à¤¸à¤¾à¤‚à¤šà¤¾) âˆ à¤šà¥‹à¤ˆ,,,,,https://www.endangeredalphabets.net/bagoi/,
*Banj-999,Banjara,Nayak âˆ Naik âˆ Lamans âˆ Lambadi âˆ Binjara,traditional-script,,https://en.wikipedia.org/wiki/Banjara,,https://www.endangeredalphabets.net/banjara/,
*Banp-999,Banpo Symbols,Yangshao,unclassified,,https://en.wikipedia.org/wiki/Banpo_symbols,,,
*Bast-217,Bastarda,,traditional-font-variant,,https://en.wikipedia.org/wiki/Bastarda,,,
*Bash-999,Baâ€“Shu,,unclassified,,https://en.wikipedia.org/wiki/Ba%E2%80%93Shu_scripts,,,
*Basu-999,Baâ€“Shu âˆ Ba Shu,,unclassified,,https://en.wikipedia.org/wiki/Ba%E2%80%93Shu_scripts,,,
*Bene-215,Beneventan,,traditional-font-variant,,https://en.wikipedia.org/wiki/Beneventan_script,,,
*Bhat-999,Bhatakshri,à¤­à¤Ÿà¤¾à¤•à¥à¤·à¤°à¥€ âˆ à¤­à¤Ÿà¥à¤Ÿà¤¾à¤•à¥à¤·à¤°à¥€ à¤²à¤¿à¤ªà¤¿,,,,,https://www.endangeredalphabets.net/bhatakshri/,
*Bhau-300,Bhattiprolu,,traditional-font-variant,,https://en.wikipedia.org/wiki/Bhattiprolu_script,,,
*Bhot-999,Bhotiya âˆ Nepali-Bhotiya,à¤¨à¥‡à¤ªà¤¾à¤² à¤­à¥‹à¤Ÿ,,,,,,
*Khor-999,Bhujel Kharpa,Khorpa âˆ Bhujel Lipi,,,,,,
*Bhuj-998,Bhujinmol âˆ Bhujimol âˆ Bhujimol âˆ Bhujiá¹mol,à¤­à¥à¤œà¤¿à¤®à¥‹à¤² âˆ à¤­à¥à¤œà¤¿à¤‚à¤®à¥‹à¤²,traditional-font-variant,https://www.scriptsource.org/cms/scripts/page.php?item_id=script_detail&key=Qa74,https://en.wikipedia.org/wiki/Bhujimol_script,https://omniglot.com/writing/bhujimol.htm,,https://www.unicode.org/L2/L2014/14283-bhujinmol.pdf
*Biko-999,Bikol âˆ Iskriturang Basahan,Guhit âˆ SÃºrat Bikolnon âˆ Surat Basahan,,,https://bcl.wikipedia.org/wiki/Iskriturang_Guhit#/media/Ladawan:Several_Sulats_of_the_Philippines.jpg,https://www.omniglot.com/writing/basahan.htm,,
*Bbim-998,Bima Baru,Aksara Bima Baru,traditional-font-variant,,"https://en.m.wikipedia.org/wiki/File:Bima_Baru_Aksara_Bima_Baru,_disebut_Tunti_Bou.jpg",,,
*Blac-217,Blackletter âˆ Gothic Type,Gothic âˆ Gothic minuscule,traditional-font-variant,,https://en.wikipedia.org/wiki/Blackletter,,,
*Bola-370,Bolaang,Aksara Bolaang Mongondow âˆ Aksara Watugirot,traditional-font-variant,,,,,
*Bond-999,Bonda,Aksara Bonda âˆ Aksara Suwawa,,,https://id.wikipedia.org/wiki/Aksara_Bonda,,,
*Bora-999,Borama,Gadabuursi,traditional-script,https://www.scriptsource.org/cms/scripts/page.php?item_id=script_detail&key=Qa85,https://en.wikipedia.org/wiki/Gadabuursi_Somali_Script,https://www.omniglot.com/writing/borama.htm,,
*Bosn-220,Bosnian Cyrillic,BosanÄica,traditional-font-variant,,https://en.wikipedia.org/wiki/Bosnian_Cyrillic,,,
*Bowe-999,Bowen (Lao Baiwen),,traditional-script,https://www.scriptsource.org/cms/scripts/page.php?item_id=script_detail&key=Qabe,,,,
*Boyd-999,Boyd Syllabic shorthand,,,,https://en.wikipedia.org/wiki/Boyd%27s_syllabic_shorthand,,,
*Bozo-999,Bozo Ideogram,,,,,,https://www.endangeredalphabets.net/bozo-ideograms/,
*Bron-999,Bronze âˆ Shang Bronze âˆ Bronze Script,é‡‘æ–‡,,,https://en.wikipedia.org/wiki/Chinese_bronze_inscriptions,,,
*Buda-999,Buda,Aksara Buda âˆ Gunung,,,https://en.wikipedia.org/wiki/Buda_script,,,
*Byar-999,Byari âˆ Beary,à²¬à³à²¯à²¾à²°à²¿,traditional-script,,,https://omniglot.com/writing/bearyscript.htm,https://www.endangeredalphabets.net/byari/,
*Bybl-999,Byblos,,traditional-script,https://www.scriptsource.org/cms/scripts/page.php?item_id=script_detail&key=Qa29,https://en.wikipedia.org/wiki/Byblos_syllabary,,,https://www.unicode.org/notes/tn4/everson-iuc21pap.pdf#page=19
*Musb-998,Byzantine Musical Symbols,,traditional-notation,,https://en.wikipedia.org/wiki/Byzantine_Musical_Symbols,,,
*Caca-361,Cacarakan âˆ Cacarakan Sunda,ê¦•ê¦«ê¦,traditional-font-variant,,https://en.wikipedia.org/wiki/Javanese_script#Usage_in_other_languages,,,
*Caca-999,Cacaxtla âˆ Cholula,,traditional-script,,,,,
*Cala-999,Calatagan,,,,,,,https://www.unicode.org/notes/tn35/indonesian-philippine.pdf#page=12
*Musc-998,Cantonese Musical Symbols âˆ Flute Musical Notation âˆ Chinese Flute Musical Notation âˆ Lute Musical Notation,,traditional-notation,,,,,https://www.unicode.org/L2/L2024/24071r2-ext-sz-num.pdf
*Caro-215,Carolingian,,traditional-font-variant,,https://en.wikipedia.org/wiki/Carolingian_minuscule,https://www.omniglot.com/writing/carolingian.htm,,
*Cave-999,Cave Doodle âˆ Cave Art,,,,,,,
*Cayt-999,Caytu Wolof,Caytu,,,,,https://www.endangeredalphabets.net/caytu-wolof/,
*Malc-363,Central Malay,,traditional-font-variant,,,,,https://www.unicode.org/notes/tn35/indonesian-philippine.pdf#page=18
*Chak-998,Chak,,traditional-script,,,,https://www.endangeredalphabets.net/chak/,http://fontpad.co.uk/Documents/Chak_proposal.pdf
*Chan-999,Chandwani,à¤šà¤‚à¤¦à¤µà¤¾à¤£à¥€ à¤²à¤¿à¤ªà¤¿,,,,,https://www.endangeredalphabets.net/chandwani/,
*Cher-999,Cher Vang Hmong âˆ Flower Cloth script âˆ Paj Ntaub Hmong,Ntawv Txawj Vaag âˆ Ntawv Txawjvaag âˆ Txawj Vaag Koo âˆ Ntawv Paj Ntaub Hmong âˆ Ntawv Paj Ntaub,,,,,,https://www.unicode.org/L2/L2016/16070-n4710-cher-vang-hmong.pdf
*Cher-999,Cher Vang Hmong âˆ Flower Cloth script âˆ Paj Ntaub Hmong,Ntawv Txawj Vaag âˆ Ntawv Txawjvaag âˆ Txawj Vaag Koo âˆ Ntawv Paj Ntaub Hmong âˆ Ntawv Paj Ntaub,,,,,,https://www.unicode.org/L2/L2016/16070-n4710-cher-vang-hmong.pdf
Hani-500,Chinese Han,HÃ nzÃ¬ âˆ Kanbun âˆ ä¸­æ–‡å­— âˆ ã„“ã„¨ã„¥ ã„¨ã„£ËŠ ã„—Ë‹ âˆ æ¼¢æ–‡,,https://www.scriptsource.org/cms/scripts/page.php?item_id=script_detail&key=Hani,https://en.wikipedia.org/wiki/Chinese_characters,,,
*Chol-999,Chola,,traditional-script,https://www.scriptsource.org/cms/scripts/page.php?item_id=script_detail&key=Qa32,,,,https://www.unicode.org/notes/tn4/everson-iuc21pap.pdf#page=14
*Chuv-999,Chuvash,,traditional-numeral,,https://en.wikipedia.org/wiki/Chuvash_numerals,,,
*Chux-999,Chuxiong âˆ Yi (Chuxiong),,,,,,,
*Chuh-999,Chá»¯ HÃ¡n,,,,https://en.wikipedia.org/wiki/Ch%E1%BB%AF_H%C3%A1n,,,
*Chun-500,Chá»¯ NÃ´m,ğ¡¨¸å–ƒ,traditional-font-variant,,https://en.wikipedia.org/wiki/Ch%E1%BB%AF_N%C3%B4m,,,
*Cler-500,Clerical âˆ Chancery âˆ lÃ¬shÅ« âˆ reishotai âˆ lá»‡ thÆ°,éš¸æ›¸ âˆ éš¶ä¹¦ âˆ éš·æ›¸ä½“ âˆ ì˜ˆì„œ âˆ ë¡€ì…”,traditional-font-variant,,https://en.wikipedia.org/wiki/Clerical_script,,,
*Conc-999,Conch âˆ Shankha script âˆ Shell,à¤¶à¤‚à¤–à¤²à¤¿à¤ªà¤¿ âˆ Shankha âˆ Shankhalipi,traditional-script,,https://en.wikipedia.org/wiki/Shankhalipi,,,
*Copi-999,Copiale,,artificial-cipher,,,,,
*Copp-215,Copperplate,,artificial-font-variant,,https://en.wikipedia.org/wiki/Copperplate_script,,,
*Cotz-999,Cotzumalhuapa Hieroglyphs,,unclassified,,https://en.wikipedia.org/wiki/Cotzumalhuapa,,,
*Rodc-998,Counting Rod,,traditional-numeral,,,,,
*Cret-999,Cretan Hieroglyph,Cretan Hieroglyph,traditional-script,,https://en.wikipedia.org/wiki/Cretan_hieroglyphs,,,
*Cues-999,Cued speech,,,,https://en.wikipedia.org/wiki/Cued_speech,,,
Xsux-020,Cuneiform âˆ Sumero-Akkadian,,traditional-script,https://www.scriptsource.org/cms/scripts/page.php?item_id=script_detail&key=Xsux,https://en.wikipedia.org/wiki/Cuneiform,,,https://en.wikipedia.org/wiki/Cuneiform_(Unicode_block)
Xsux-020,Cuneiform âˆ Sumero-Akkadian âˆ Babylon,,traditional-numeral,https://www.scriptsource.org/cms/scripts/page.php?item_id=script_detail&key=Xsux,https://en.wikipedia.org/wiki/Cuneiform,,,https://en.wikipedia.org/wiki/Cuneiform_(Unicode_block)
*Dadi-999,Dadiwan Symbols,,unclassified,,,,,
*Daki-999,Dakini,Naga,,,,,,
*Dako-999,Dakota,Lakota âˆ Nakota,,,,,,
*Dale-999,Dalecarlian runes,,,,https://en.wikipedia.org/wiki/Dalecarlian_runes,,,
*Dama-999,Damaidi Symbols,,unclassified,,,,,
*Dawe-999,Dawenkou symbols,Dawenkou,unclassified,,https://en.wikipedia.org/wiki/Dawenkou_symbols,,,
*Daza-999,Dazanga,Dazaga-Gorane,,,,,,https://www.unicode.org/L2/L2023/23203-update-african-scripts.pdf#page=5
*Deaf-999,DeafWrite âˆ DeafBlind âˆ Lorm Deafblind Manual Alphabet ,,,,,,,
*Deda-240,Dedabruli âˆ Maternal Hand,áƒ“áƒ”áƒ“áƒáƒ‘áƒ áƒ£áƒšáƒ˜ áƒáƒœáƒ‘áƒáƒœáƒ˜,traditional-font-variant,,,,,
*Dhur-999,Dhurwa,à¤§à¥à¤°à¤µà¤¾ âˆ à¬ªà¬°à¬œà¬¿,,,https://en.wikipedia.org/wiki/Duruwa_language,https://www.omniglot.com/writing/dhurwa.htm,,
*Dike-999,Dikenga âˆ yowa cross,dikenga dia Kongo âˆ Kongo Cosmogram âˆ Congolese Cosmogram âˆ tendwa kia nza-n' Kongo,,,,,,https://www.unicode.org/L2/L2023/23203-update-african-scripts.pdf#page=13
*Dilm-020,Dilmun,ğ’‰Œğ’Œ‡,traditional-font-variant,,https://en.wikipedia.org/wiki/Dilmun,,,
*Cyrd-221,Diplomatic Cyrillic minuscule,,traditional-font-variant,,,,,
Disp-999,Dispilio,,,,https://en.wikipedia.org/wiki/Dispilio_Tablet,,,
*Isib-999,Ditema tsa Dinoka,Isibheqe Sohlamvu,traditional-script,,https://en.wikipedia.org/wiki/Ditema_tsa_Dinoko,https://www.omniglot.com/writing/ditema.htm,https://www.endangeredalphabets.net/alphabets/ditema-tsa-dinoko/,
*Dogo-999,Dogon,Shamanic Cosmogram,,,,,https://www.endangeredalphabets.net/dogon-shamanic-symbols/,
*Draf-999,Draft âˆ Cursive âˆ Running âˆ Semi-Cursive,è‰æ›¸ âˆ è¡Œæ›¸,,,,https://www.omniglot.com/chinese/written.htm#draft,,
*Drah-220,Drahomanivka,,artificial-font-variant,,https://en.wikipedia.org/wiki/Drahomanivka,,,
*Dren-999,Drenjongkhe,,,,,,https://www.endangeredalphabets.net/drenjongke/,
*Duot-999,Duota,,traditional-script,https://www.scriptsource.org/cms/scripts/page.php?item_id=script_detail&key=Qaaf,,,,
*Ayue-999,Early Ayutthaya,Li Thai,,,,,,
*Cune-998,Early Dynastic Cuneiform,,,,https://en.wikipedia.org/wiki/Early_Dynastic_Cuneiform,,,https://www.unicode.org/L2/L2012/12208-n4278-early-dynastic-cuneiform.pdf
*Ecle-999,Eclectic shorthand,,,,https://en.wikipedia.org/wiki/Eclectic_shorthand,,,
*Edoo-999,Edo âˆ Esan,Esan Oracle Rainbow âˆ Bini,,,,,,https://www.unicode.org/L2/L2023/23203-update-african-scripts.pdf#page=13
*Elam-020,Elamite,ğ’¹ğ’„¬ğ’†·ğ’¶ğ’‹¾,traditional-font-variant,,https://en.wikipedia.org/wiki/Elamite,https://www.omniglot.com/writing/elamite.htm#cuneiform,,
*Olme-999,Epi-Olmec âˆ Isthmian,La Mojarra,unclassified,,https://en.wikipedia.org/wiki/Isthmian_script,,,
*Ersu-998,Ersu Shaba âˆ Ersu-Shaba âˆ Ersu Shaba Picture Writing,Shaba,traditional-script,https://www.scriptsource.org/cms/scripts/page.php?item_id=script_detail&key=Qaag,https://en.wikipedia.org/wiki/Ersu_Shaba_script,,https://www.endangeredalphabets.net/ersu-shaba/,https://www.unicode.org/L2/L2017/17341-ersu-hieroglyphs.pdf
*Eswa-999,Eshkol-Wachman Notation,,artificial-notation,https://www.scriptsource.org/cms/scripts/page.php?item_id=script_detail&key=Qaah,https://en.wikipedia.org/wiki/Eshkol-Wachman_movement_notation,,,
*Faye-999,FaYe,Yoruba FaYe,,,,,,
*Fakk-999,Fakkham,Thai Lanna,,,https://en.wikipedia.org/wiki/Fakkham_script,,,
*Feer-999,Feera,Afar âˆ Qafaraf,,,,,,
*Fing-999,Fingerspelling,Manual Alphabet,,,https://en.wikipedia.org/wiki/Fingerspelling,,,
*Fins-999,Fingerspelling (2 Hands),Manual Alphabet,,,https://en.wikipedia.org/wiki/Two-handed_manual_alphabets,,,
*Fiol-221,Fiol's Octoechos,,artificial-font-variant,,https://en.wikipedia.org/wiki/Fiol%27s_Octoechos,,,
*Firm-999,Firmas,,,,,,https://www.endangeredalphabets.net/firmas/,
*Sema-999,Flag Semaphore,INTERCO,artificial-notation,,,https://www.omniglot.com/writing/semaphore.htm,,
*Foxi-215,Fox I,,traditional-font-variant,,https://en.wikipedia.org/wiki/Fox_language#Writing_systems,https://www.omniglot.com/writing/foxalphabet.htm,,
*Foxj-215,Fox II,,traditional-font-variant,,https://en.wikipedia.org/wiki/Fox_language#Writing_systems,https://www.omniglot.com/writing/foxalphabet.htm,,
*Fulb-999,Fula (Ba) âˆ Fula Ba,,traditional-script,https://www.scriptsource.org/cms/scripts/page.php?item_id=script_detail&key=Qa02,,https://omniglot.com/writing/fula.htm,https://www.endangeredalphabets.net/fula-ba/,
*Fuld-999,Fula (Dita) âˆ Fula Dita,,traditional-script,https://www.scriptsource.org/cms/scripts/page.php?item_id=script_detail&key=Qa01,,https://omniglot.com/writing/fula.htm,https://www.endangeredalphabets.net/fula-dita/,
*Ghsc-999,GHS hazard,,artificial-notation,,https://en.wikipedia.org/wiki/Globally_Harmonized_System_of_Classification_and_Labelling_of_Chemicals,,,
*Gasa-999,Ga,Ga Samai,,,,,,
*Gabe-999,Gabelsberger Shorthand,,,,https://en.wikipedia.org/wiki/Gabelsberger_shorthand,,,
*Gada-999,Gadaba,Gutub âˆ Mogililu âˆ Modililu,,,,https://www.omniglot.com/writing/gadaba.htm,,
*Gaga-999,Gagarit Abada,Kadazandusun âˆ Pimato,,,,https://www.omniglot.com/conscripts/gagarit.htm,https://www.endangeredalphabets.net/gagarit-abada/,
*Gaud-999,Gaudi âˆ Proto-Bengali âˆ Proto Bengali,,,,https://en.wikipedia.org/wiki/Gaudi_script,,,
*Gayo-999,Gayo,Aksara Gayo âˆ Rasi Gayo,,,,,,
*Gbek-999,Gbekoun âˆ GbÃ©koun,,traditional-script,,,,https://www.endangeredalphabets.net/gbekoun/,
*Geog-999,Geoglyph âˆ Petroform âˆ Petrosomatoglyph,,,,https://en.wikipedia.org/wiki/Geoglyph,,,
*Geom-999,Geomancy,,,,,,,https://www.unicode.org/L2/L2023/23218-geomancy.pdf
*Geoy-999,Geomancy âˆ Geomantic Figure,,,,https://en.wikipedia.org/wiki/Geomantic_figures,,,https://www.unicode.org/L2/L2023/23218-geomancy.pdf
*Gica-999,Gicandi âˆ GÄ©candÄ©,Kikuyu,,,,,https://www.endangeredalphabets.net/gicandi/),
*Goba-999,Goba,Tompa,,,,,,
*Gola-999,Gola,,,,,,https://www.endangeredalphabets.net/gola/,
*Golm-999,Golmol,à¤—à¥‹à¤²à¤®à¥‹à¤² à¤²à¤¿à¤ªà¤¿,,,,,,
*Muse-998,Gongche âˆ Gongche Notations,,traditional-notation,,,,,https://www.unicode.org/L2/L2017/17087-gonche-notation.pdf
*Gotr-211,Gothic runes,,,,https://en.wikipedia.org/wiki/Gothic_runic_inscriptions,https://omniglot.com/writing/gothicrunes.htm,,
*Goud-999,Goudu,,,,,https://www.omniglot.com/writing/goudu.htm,,
*Goul-999,Goulsse,,traditional-script,,,https://www.omniglot.com/conscripts/goulsse.htm,https://www.endangeredalphabets.net/goulsse/,
*Grak-999,Grakliani,,unclassified,,https://en.wikipedia.org/wiki/Grakliani_Hill,,,
*Grap-999,Grantha (Pandya) âˆ Velvikudi,Pandya Grantha,,,https://en.wikipedia.org/wiki/Velvikudi_inscription,,,
*Greb-200,Greek (Byzantine),,traditional-font-variant,,,,,
*Greu-200,Greek Uncial,,traditional-font-variant,,https://en.wikipedia.org/wiki/Uncial_script,,,
*Grem-200,Greek minuscule,,traditional-font-variant,,https://en.wikipedia.org/wiki/Greek_minuscule,,,
*Greg-999,Gregg Shorthand,,,,https://en.wikipedia.org/wiki/Gregg_shorthand,https://www.omniglot.com/writing/shorthand.htm,,
*Gugy-999,Gugyeol âˆ Kwukyel,êµ¬ê²° âˆ å£è¨£ âˆ ì…ê²¿,,,https://en.wikipedia.org/wiki/Gugyeol,,,
*Gukj-999,Gukja,,,,https://en.wikipedia.org/wiki/Hanja#Gukja,,,
*Gupk-300,Gupta-Krishna âˆ Kistna,,traditional-font-variant,,,,,
*Gupn-300,Gupta-Narmada âˆ Narbada,,traditional-font-variant,,,,,
*Halb-999,Halbi Lipi,,traditional-script,,,https://www.omniglot.com/writing/halbilipi.htm,,
*Unch-215,Half-Uncial,Semi Uncial,traditional-font-variant,,https://en.wikipedia.org/wiki/Uncial_script#Half-uncial,,,
*Hamn-999,HamNoSys Notation âˆ Hamburg Notation System,,artificial-notation,https://www.scriptsource.org/cms/scripts/page.php?item_id=script_detail&key=Qabn,https://en.wikipedia.org/wiki/Hamburg_Notation_System,,,
Hanb-503,Han (Bopomofo),,traditional-font-variant,https://www.scriptsource.org/cms/scripts/page.php?item_id=script_detail&key=Hanb,,,,
Hans-501,Han (Simplified variant) âˆ idÃ©ogrammes han (variante simplifiÃ©e),HÃ nzÃ¬ âˆ Chá»¯ Han âˆ æ±‰è¯­,traditional-font-variant,https://www.scriptsource.org/cms/scripts/page.php?item_id=script_detail&key=Hans,https://en.wikipedia.org/wiki/Simplified_Chinese_characters,,,https://en.wikipedia.org/wiki/CJK_Unified_Ideographs_(Unicode_block)
Hant-502,Han (Traditional variant) âˆ idÃ©ogrammes han (variante traditionnelle),HÃ nzÃ¬ âˆ KÇishÅ« âˆ Fanqie âˆ æ¼¢èª âˆ æ¥·æ›¸ (æ¥·ä¹¦),traditional-font-variant,https://www.scriptsource.org/cms/scripts/page.php?item_id=script_detail&key=Hant,https://en.wikipedia.org/wiki/Traditional_Chinese_characters,,,https://en.wikipedia.org/wiki/CJK_Unified_Ideographs_(Unicode_block)
Kore-287,Hanja âˆ Korean âˆ corÃ©en,åœ‹æ¼¢æ–‡æ··ç”¨ âˆ êµ­í•œë¬¸í˜¼ìš©,traditional-font-variant,https://www.scriptsource.org/cms/scripts/page.php?item_id=script_detail&key=Kore,https://en.wikipedia.org/wiki/Korean_mixed_script,,,
*Hara-999,Harari âˆ Ibrahim's Alphabet,á‹šá‰€á‹²áˆ áˆ€áˆ¨áˆª áˆ€áˆ­áŠá‹«á‰½,traditional-cipher,,,,,
*Hauh-999,Haujami Hausa,,traditional-script,,,,,
*Hent-999,Hentaigana,å¤‰ä½“ä»®å âˆ å¤‰ä½“ãŒãª,,,https://en.wikipedia.org/wiki/Hentaigana,,,
*Arah-160,Hindu-Arabic âˆ Western Arabic,Arabic-Indic âˆ GhubÄr âˆ Gobar,traditional-numeral,https://www.scriptsource.org/cms/scripts/page.php?item_id=script_detail&key=Arab,https://en.wikipedia.org/wiki/Arabic_numerals,,,
*Hinm-999,Hinmol,à¤¹à¤¿à¤‚à¤®à¥‹à¤² à¤²à¤¿à¤ªà¤¿,,,,,,
*Himm-999,Hiá¹mol,,,,https://en.wikipedia.org/wiki/Nepalese_scripts#/media/File:Nepal_Scripts.jpg,,,
*Hoys-345,Hoysala,à²¹à³Šà²¯à³à²¸à²³,traditional-font-variant,,,,,
*Hoca-215,HoÄÄ…k,,traditional-font-variant,,,https://omniglot.com/writing/hotcak.htm,,
*Huma-215,Humanist,,traditional-font-variant,,https://en.wikipedia.org/wiki/Humanist_minuscule,,,
*Hurr-020,Hurrian,ğ’„·ğ’Œ¨ğ’Š‘,traditional-font-variant,,,https://www.omniglot.com/writing/hittite.htm,,
*Hyan-999,Hyangchal,í–¥ì°° âˆ é„•æœ­,,,https://en.wikipedia.org/wiki/Hyangchal,,,
*Isot-999,ISOTYPE âˆ International System of Typographic Picture Education),,artificial-notation,,https://en.wikipedia.org/wiki/Isotype_(picture_language),,,
*Iban-999,Iban,urup Dunging,traditional-script,https://www.scriptsource.org/cms/scripts/page.php?item_id=script_detail&key=Qa83,https://en.wikipedia.org/wiki/Dunging_script,https://www.omniglot.com/writing/dunging.htm,https://www.endangeredalphabets.net/alphabets/iban-dunging/,
*Iduu-999,Idu,ì´ë‘ âˆ åè®€,,,https://en.wikipedia.org/wiki/Idu_script,,,
*Ilok-999,Iloko,,,,https://bcl.wikipedia.org/wiki/Iskriturang_Guhit#/media/Ladawan:Several_Sulats_of_the_Philippines.jpg,,,
*Musi-998,Indian Classical Musical Notation (Gurumukhi),,traditional-notation,,,,,https://www.unicode.org/L2/L2013/13227-gurmukhi-music.pdf
*Indq-998,Indic Siyaq âˆ Indian Siyaq,Ø±Ù‚Ù… Ø³ÙŠØ§Ù‚ âˆ Raqm âˆ Rakam,traditional-numeral,https://www.scriptsource.org/cms/scripts/page.php?item_id=script_detail&key=Arab,,,,https://www.unicode.org/L2/L2015/15121r2-indic-siyaq.pdf
*Scyt-300,Indo-Scythians,,traditional-font-variant,,https://en.wikipedia.org/wiki/Brahmi_script#/media/File:Brahmi_script_between_the3rd_century_BCE_and_the_1st_century_CE.jpg,,,
Inds-610,Indus âˆ Harrapan-Mohenjaro,Sindhu-Sarasvati,traditional-script,https://www.scriptsource.org/cms/scripts/page.php?item_id=script_detail&key=Inds,https://en.wikipedia.org/wiki/Indus_script,https://omniglot.com/writing/indus.htm,,https://www.unicode.org/L2/L1999/n1959.pdf
*Inta-998,Initial Teaching Alphabet,,artificial-font-variant,,,,,https://www.unicode.org/L2/L2022/22286-initial-teaching-alpha.pdf
*Insu-216,Insular,,artificial-font-variant,,https://en.wikipedia.org/wiki/Insular_script,,,
*Imsf-999,International Code of Signals,Maritime Signal Flags,artificial-notation,,https://en.wikipedia.org/wiki/International_Code_of_Signals,https://www.omniglot.com/writing/imsf.htm,,
*Danc-999,International Movement Writing,DanceWriting,artificial-notation,,https://en.wikipedia.org/wiki/International_Movement_Writing_Alphabet,,,
Ipas-999,International Phonetic Alphabet,,artificial-script,,https://en.wikipedia.org/wiki/International_Phonetic_Alphabet,https://www.omniglot.com/writing/ipa.htm,,https://en.wikipedia.org/wiki/IPA_Extensions
*Isyk-999,Issyk âˆ Issyk-Bactrian,,unclassified,,https://en.wikipedia.org/wiki/Issyk_inscription,,,
*Izap-999,Izapa âˆ Izapan Hieroglyphs,,traditional-script,,,,,
Jamo-284,Jamo (Hangul),,artificial-subset-script,https://www.scriptsource.org/cms/scripts/page.php?item_id=script_detail&key=Jamo,https://en.wikipedia.org/wiki/List_of_Hangul_jamo,,,
Jpan-413,"Japanese (Han, Hiragana, Katakana)",,traditional-font-variant,https://www.scriptsource.org/cms/scripts/page.php?item_id=script_detail&key=Jpan,,,,
Hrkt-412,Japanese syllabaries (alias for Hiragana + Katakana) âˆ syllabaires japonais (alias pour hiragana + katakana),,artificial-subset-script,https://www.scriptsource.org/cms/scripts/page.php?item_id=script_detail&key=Hrkt,https://en.wikipedia.org/wiki/Kana,,,
*Jata-999,Jatapu,,,,,https://www.omniglot.com/writing/jatapu.htm,,
*Jhar-999,Jhar,,,,,,https://www.endangeredalphabets.net/jhar/,
*Jiah-999,Jiahu Symbols âˆ JiÇhÃº,è³ˆæ¹– âˆ Peiligang,unclassified,,https://en.wikipedia.org/wiki/Jiahu_symbols,,,
*Jian-999,Jiangzhai Symbols,Yangshao,unclassified,,https://en.wikipedia.org/wiki/Neolithic_symbols_in_China#Banpo_and_Jiangzhai,,,
*Musj-998,Jianzi Musical Notation âˆ Qinpu Notation,,traditional-notation,,,,,https://www.unicode.org/L2/L2022/22206-chinese-music-uax45.pdf
*Jing-999,Jing âˆ Zinan,,traditional-script,https://www.scriptsource.org/cms/scripts/page.php?item_id=script_detail&key=Qa38,,,,
*Jinp-999,Jingpo,,,,,,https://www.endangeredalphabets.net/jingpo-pictographic-script/,
*Jiro-999,Jiroft,,unclassified,,https://en.wikipedia.org/wiki/Jiroft_culture#Writing_system,,,
*Joha-215,Johannine,,traditional-font-variant,,https://en.wikipedia.org/wiki/Johannine_script,,,
Joyi-999,Joyig âˆ Jugyig âˆ Jyoyig,à½˜à½‚à¾±à½¼à½‚à½¦à¼‹à½¡à½²à½‚à¼‹,,,,,,
*Kapt-349,Ka Pat âˆ Ka-Pat,ğ‘„–ğ‘„§ğ‘„ğ‘„´ğ‘„Œğ‘„§ğ‘„ğ‘„‰ğ‘„´ğ‘„¡,traditional-font-variant,,,https://www.omniglot.com/writing/kapat.htm,,
*Kadd-999,Kaddare âˆ Kaddariya,,traditional-script,https://www.scriptsource.org/cms/scripts/page.php?item_id=script_detail&key=Qa75,https://en.wikipedia.org/wiki/Kaddare_alphabet,https://www.omniglot.com/writing/kaddare.htm,,
*Kadu-999,Kadu,,traditional-script,,,,,
*Kaid-999,Kaida âˆ KaidÄ âˆ Kaida di,ã‚«ã‚¤ãƒ€,traditional-script,https://www.scriptsource.org/cms/scripts/page.php?item_id=script_detail&key=Qa80,,https://omniglot.com/writing/yonaguni.htm#kaida,,
*Kalg-999,Kalinga,,traditional-script,,https://en.wikipedia.org/wiki/Kalinga_script,,,
*Kamp-999,Kamarupi âˆ Gargaya âˆ Bamonia,à¦•à¦¾à¦®à¦°à§‚à¦ªà§€ âˆ Kaitheli âˆ Lakhari âˆ Bamuniya âˆ Garhgaya,,,,https://www.omniglot.com/writing/kamarupi.htm,,
*Kami-999,Kaminaljuyu âˆ KaminaljuyÃº,,traditional-script,,https://en.wikipedia.org/wiki/Kaminaljuyu,,,
*Kama-999,Kammara,,,,,https://www.omniglot.com/writing/kammara.htm,,
*Kang-998,Kangxi âˆ Zihui âˆ KÄngxÄ« bÃ¹shÇ’u,åº·ç†™éƒ¨é¦– âˆ éƒ¨é¦–,,,,,,https://en.wikipedia.org/wiki/Kangxi_Radicals_(Unicode_block)
*Kate-999,Kannada-Telugu âˆ Kalyana Chalukya,à²•à²¨à³à²¨à²¡-à°¤à±†à°²à±à°—à± âˆ à²•à²²à³à²¯à²¾à²£ à²šà²¾à²²à³à²•à³à²¯,traditional-font-variant,,https://en.wikipedia.org/wiki/Telugu-Kannada_alphabet,,,
*Karb-999,Karba,Karba keli âˆ Pun,,,,,,
*Kari-999,Karbi,Karbi Mek'lek,,,,https://www.omniglot.com/conscripts/karbimeklek.htm,,
*Keki-999,Kekinowin,,,,https://de.wikipedia.org/wiki/Kekinowin,,,
*Keki-999,Kekiwin,,,,https://de.wikipedia.org/wiki/Kekiwin,,,
*Kham-999,Khamyang âˆ Tai Khamyang,,,,,,,
*Badi-Qa60,Khatt-i-BadÃ­',Khatt-i-BadÃ­',traditional-script,https://www.scriptsource.org/cms/scripts/page.php?item_id=script_detail&key=Qa60,,https://omniglot.com/writing/khattibadi.htm,,
*Khom-999,Khom,,traditional-script,,https://en.wikipedia.org/wiki/Khom_script_(Ong_Kommadam),,https://www.endangeredalphabets.net/khom/,
*Ngam-999,Kii,Ngamga Kii,,,,,,https://www.unicode.org/L2/L2023/23203-update-african-scripts.pdf#page=13
*Knot-999,Knots âˆ knotted cord,,,,,,,
*Kocm-999,Koch,Koch Mukh,,,,https://www.omniglot.com/writing/kochscript.htm,,
*Koch-999,Kochi âˆ KÅchi,KiÅ«nthali Lipi,,,https://en.wikipedia.org/wiki/Mahasu_Pahari,https://www.omniglot.com/writing/kochi.htm,,
*Koda-999,Kodava,à²•à³Šà²¡à²µ âˆ Gunithaakshara,traditional-script,,,,https://www.endangeredalphabets.net/kodava/,
*Koka-999,Kokangba,BaoulÃ©,traditional-script,,,,,
*Koku-999,Kokuji âˆ Wasei kanji,,,,https://en.wikipedia.org/wiki/Kokuji,,,
*Kola-999,Kolam,,,,,https://www.omniglot.com/writing/kolam.htm,,
*Kole-998,Koleluttu âˆ Kolezhuthu,à´•àµ‹à´²àµ†à´´àµà´¤àµà´¤àµ,traditional-font-variant,,https://en.wikipedia.org/wiki/Koleluttu,,,
*Kome-363,Komering,,traditional-font-variant,,,https://www.omniglot.com/writing/komeringscript.htm,,
*Kona-999,Konar Sandal,,,,https://en.wikipedia.org/wiki/Konar_Sandal,,,
*Kond-999,Konda Dora âˆ Konda-Dora,,,,,https://www.omniglot.com/writing/konda.htm,,
*Konk-999,Konkannagri,,,,,,,
*Koti-999,Kotia,,,,,https://www.omniglot.com/writing/kotia.htm,,
*Koya-999,Koya,,,,,https://www.omniglot.com/writing/koya.htm,,
*Kruu-999,Kru,,,,,,,https://www.unicode.org/L2/L2023/23203-update-african-scripts.pdf#page=14
*Kupi-999,Kupia,,,,,https://www.omniglot.com/writing/kupia.htm,,
*Kurr-999,Kurrent,,artificial-font-variant,,https://en.wikipedia.org/wiki/Kurrent,,,
*Kush-999,Kushan,,traditional-script,,https://en.wikipedia.org/wiki/Kushan_script,,,
*Kuti-999,Kutila,,,,,,,
*Kumm-999,Kuá¹mol âˆ Kunmol,à¤•à¥à¤‚à¤®à¥‹à¤² à¤²à¤¿à¤ªà¤¿,,,,,,
*Kvem-999,Kveá¹mol âˆ Kwemol âˆ Kveá¹mol,à¤•à¥à¤µà¥‡à¤®à¥‹à¤² à¤²à¤¿à¤ªà¤¿,,,https://en.wikipedia.org/wiki/Nepalese_scripts#/media/File:Nepal_Scripts.jpg,,,
*Kwek-999,Kwekor âˆ Myainggyingu,á€™á€¼á€­á€¯á€„á€ºá€€á€¼á€®á€¸á€„á€° âˆ á€±á€œá€€á€½á€šá€ºá€±á€€á€¬á€º âˆ à¹à¸à¸§à¹ˆà¸à¹ˆà¸­,traditional-script,,,,,
*Laba-999,Labanotation,,artificial-notation,,https://en.wikipedia.org/wiki/Labanotation,,,
*Dazl-999,Large Seal,å¤§ç¯† âˆ DÃ zhuÃ n,traditional-script,,https://en.wikipedia.org/wiki/Large_seal_script,,,
Latn-215,Latin,,traditional-script,https://www.scriptsource.org/cms/scripts/page.php?item_id=script_detail&key=Latn,https://en.wikipedia.org/wiki/Latin_script_in_Unicode,,,
*Lekw-999,Lekwaikaw âˆ Kwekaw,,traditional-script,,,,https://www.endangeredalphabets.net/lekwaikaw/,
*Likt-999,Lik-Tai âˆ Lik Hto Ngouk âˆ Khamti,á€á€½á¼á€º á€œá€­áµá€ºá‚ˆ á€á‚†á€¸ á¶á€™á€ºá€¸á€á€®á‚ˆ âˆ Lik Khampti âˆ Lik Tho Ngok âˆ Bean Sprout âˆ Tai Noe,,,https://en.wikipedia.org/wiki/Khamti_language#Writing_system,,,
*Lism-999,Lisu Monosyllabic,,traditional-script,,,,,https://www.unicode.org/L2/L2019/19208-n5047-lisu.pdf
*Liss-998,Lisu Syllabary,,traditional-script,,https://en.wikipedia.org/wiki/Lisu_language#Lisu_syllabary,,https://www.endangeredalphabets.net/lisu-bamboo-script/,https://www.unicode.org/L2/L2019/19208-n5047-lisu.pdf
*Litu-999,Litumol,à¤²à¤¿à¤¤à¥à¤®à¥‹à¤² à¤²à¤¿à¤ªà¤¿,,,,,,
*Lomb-215,Lombardic,,traditional-font-variant,,https://en.wikipedia.org/wiki/Lombardic_capitals,,,
*Long-999,Longshan symbols,Longshan,unclassified,,https://en.wikipedia.org/wiki/Longshan_symbols,,,
*Endl-998,Lota Ende âˆ Li'o âˆ Ende-Li'o,,,,,https://omniglot.com/writing/lota.htm,https://www.endangeredalphabets.net/lota-ende/,https://unicode.org/L2/L2016/16076-ende.pdf
*Luol-998,Luo Lakeside,,traditional-script,,,https://www.omniglot.com/writing/luo.htm,,https://www.unicode.org/L2/L2019/19268-luo-script.pdf
*Luwu-367,Luwu' âˆ Palm leaf,,traditional-font-variant,,,,,https://www.unicode.org/notes/tn35/indonesian-philippine.pdf#page=38
*Luxe-215,Luxeuil,,traditional-font-variant,,,,,
*Maal-999,Maalouli âˆ Square Maalouli âˆ Western Neo-Aramaic,,traditional-font-variant,,https://en.wikipedia.org/wiki/Western_Neo-Aramaic#Square_Maalouli_alphabet,,,
*Bodo-999,Mahiri Bidab,Bodo Mahiri Bidab,,,,,,
*Mala-998,Malayanma,à´•àµ‹à´²àµ†à´´àµà´¤àµà´¤àµ,traditional-font-variant,,https://en.wikipedia.org/wiki/Malayanma,,,
*Male-999,Malesung âˆ Old Minahasa âˆ Ancient Minahasa,Aksara Malesung âˆ Aksara Watugirot,,,https://en.wikipedia.org/wiki/Tombulu_language,,,https://www.unicode.org/notes/tn35/indonesian-philippine.pdf#page=49
*Mali-999,Mali,,,,,https://www.omniglot.com/writing/mali.htm,,
*Mama-999,Mama,Mama,unclassified,,,,,
*Many-412,Man'yÅgana,ä¸‡è‘‰ä»®å,traditional-font-variant,,https://en.wikipedia.org/wiki/Man%27y%C5%8Dgana,,,
*Manu-145,Manchu (Mongolian),á ®á  á ¨á µá¡  á¡¥á¡á¡µá¡¤á¡á ¨,traditional-font-variant,,https://en.wikipedia.org/wiki/Manchu_alphabet,,,
*Marc-999,Marchung,Marchung,,,,,,
*Maru-999,Maru-Gujri,,traditional-script,,https://en.wikipedia.org/wiki/Old_Western_R%C4%81jasth%C4%81ni,,,
Zmth-995,Mathematical notation,,,,https://en.wikipedia.org/wiki/Mathematical_notation,,,
Maya-090,Maya (Classic) âˆ Mayan Hieroglyph âˆ Classical Maya,Maya,traditional-script,https://www.scriptsource.org/cms/scripts/page.php?item_id=script_detail&key=Maya,https://en.wikipedia.org/wiki/Maya_script,,,https://www.unicode.org/L2/L2023/23020-mayan-sign-list.pdf
Maya-090,Maya (Classic) âˆ Mayan Hieroglyph âˆ Classical Maya,Maya,traditional-numeral,https://www.scriptsource.org/cms/scripts/page.php?item_id=script_detail&key=Maya,https://en.wikipedia.org/wiki/Maya_numerals,,,https://www.unicode.org/L2/L2023/23020-mayan-sign-list.pdf
*Mayc-998,Maya (Codical) âˆ Mayan Codices âˆ Mayan Codical,Maya,traditional-script,https://www.scriptsource.org/cms/scripts/page.php?item_id=script_detail&key=Maya,https://en.wikipedia.org/wiki/Maya_script,,,https://www.unicode.org/L2/L2023/23228-mayan-update_korr.pdf
*Mboj-998,Mbojo,Mbojo,traditional-font-variant,,,,,
Medf-265,Medefaidrin (Oberi Okaime) âˆ Medefidrin âˆ mÃ©dÃ©faÃ¯drine,ObÉ›ri Æ†kaimÉ› script,traditional-numeral,https://www.scriptsource.org/cms/scripts/page.php?item_id=script_detail&key=Medf,https://en.wikipedia.org/wiki/Medefaidrin,https://www.omniglot.com/writing/medefaidrin.htm,,https://www.unicode.org/L2/L2015/15298-medefaidrin.pdf
*Muss-998,Medieval East-Slavic Musical Notation,,traditional-notation,,,,,https://www.unicode.org/L2/L2012/12022-kievan.pdf
*Medi-999,Medieval runes âˆ Bind rune,,,,https://en.wikipedia.org/wiki/Medieval_runes,,,
*Meey-337,Meetei Yelhou Mayek,Naoriya Phulo âˆ Naoria,traditional-font-variant,,https://en.wikipedia.org/wiki/Naoriya_Phulo_script,https://www.omniglot.com/writing/meeteiyelhoumayek.htm,https://www.endangeredalphabets.net/meetei-yelhou-mayek/,
*Megg-610,Megalithic Graffiti âˆ megalithic graffiti marks,,unclassified,,https://en.wikipedia.org/wiki/Megalithic_graffiti_symbols,,,
*Megs-999,Megalithic graffiti symbols,,unclassified,,https://en.wikipedia.org/wiki/Megalithic_graffiti_symbols,,,
*Mene-999,Menelik,,traditional-font-variant,,https://en.wikipedia.org/wiki/File:Script_of_Menelik.gif,,,
*Merv-999,Merovingian âˆ Gallo-Roman,Scriptura Merovingica âˆ Scriptura Francogallica,,,https://en.wikipedia.org/wiki/Merovingian_script,https://www.omniglot.com/writing/merovingian.htm,,
*Micm-Qabg,Micmac âˆ MÃ­kmaq âˆ Mi'kmaw âˆ Micmac Hieroglyphs âˆ Suckerfish script,Mi'kmaq âˆ Kauder âˆ Gomgwejui'gasit âˆ komqwejwi'kasikl,traditional-script,https://www.scriptsource.org/cms/scripts/page.php?item_id=script_detail_ref&key=Qabg,https://en.wikipedia.org/wiki/Mi%27kmaw_hieroglyphs,https://www.omniglot.com/writing/mikmaq.htm,,https://www.journal18.org/nq/artists-notes-nmultes-is-an-active-dialogue-i-reclaiming-komqwejwikasikl-by-michelle-sylliboy/
*Mina-999,Minangkabau,Aksara Tambo Alam,,,,,,
*Mini-999,Minim,Minim Dag Noore,,,,,,
*Miri-999,Miriden,Maninka,,,,,,
*Bram-300,Mirzapur (Brahmi),Northern Satraps Brahmi,traditional-font-variant,,https://en.wikipedia.org/wiki/Brahmi_script#/media/File:Brahmi_script_between_the3rd_century_BCE_and_the_1st_century_CE.jpg,,,
*Mixt-999,Mixtec,,,,https://en.wikipedia.org/wiki/Mixtec_writing,,,
*Monf-145,Mongolian (Folded) âˆ Vertical Square,Ğ‘Ğ¾ÑĞ¾Ğ¾ Ğ´Ó©Ñ€Ğ²Ó©Ğ»Ğ¶Ğ¸Ğ½ âˆ à¤¹à¥‹à¤°à¥à¤¹à¤¿à¤—à¥ âˆ Tibetan Horhig âˆ Ornamental Mongol,traditional-font-variant,,https://en.wikipedia.org/wiki/Mongolian_writing_systems#/media/File:Mong%C9%A3ol.png,,,
*Mood-999,Moodibbo âˆ Moodibbo Bello Aamadu Mohammadu,,,,,,,https://www.unicode.org/L2/L2023/23203-update-african-scripts.pdf#page=6
*Moor-999,Moore,MoorÃ©,,,,,,
*Mors-999,Morse Code âˆ International Morse Code,-- --- â€¢-â€¢ â€¢â€¢â€¢ â€¢ -â€¢-â€¢ --- -â€¢â€¢ â€¢,artificial-cipher,,https://en.wikipedia.org/wiki/Morse_code,https://www.omniglot.com/writing/morsecode.htm,,
*Muis-999,Muisca,,traditional-numeral,,https://en.wikipedia.org/wiki/Muisca_numerals,,,
*Mukh-999,Mukha Dora âˆ Mukha-Dora,,,,,https://www.omniglot.com/writing/mukhadora.htm,,
*Musw-998,Musical Symbols,Western Classical Music,traditional-notation,,,,,https://www.unicode.org/L2/L1998/98045.pdf
*Musn-999,Musnad,,,,,,,
*Ntii-999,N'Ti,,traditional-script,,,,https://www.endangeredalphabets.net/nti/,
*Nagr-999,Nagari âˆ NÄgarÄ«,,,,https://en.wikipedia.org/wiki/N%C4%81gar%C4%AB_script,,,
*Nasu-999,Nasu âˆ Yi (Nasu),,,,,,,
*Ndeb-999,NdÃ©bÃ©,Ndebe,traditional-script,,,,https://www.endangeredalphabets.net/ndebe/,
*Ndeb-999,NdÃ©bÃ©,Ndebe,traditional-numeral,,,,https://www.endangeredalphabets.net/ndebe/,
*Nobi-999,New Nubian âˆ NÃ²bÃ­Ã­n,Ù†ÙˆØ¨ÙŠØ©,,,,,,
*Niao-999,Niao Chong âˆ Bird-worm seal âˆ niÇo chÃ³ng,é³¥èŸ²ç¯† âˆ é³¥èŸ²æ›¸,,,https://en.wikipedia.org/wiki/Bird-worm_seal_script,,,
*Nigh-999,Night Writing,,artificial-font-variant,,,,,
*Nile-999,Nilerian,,,,,,,
*Nisu-999,Nisu âˆ Yi (Nisu),,,,,,,
*Nkan-999,Nkan,,,,,,,
*Nsib-999,Nsibidi âˆ Nsibiri,nchibiddi âˆ nchibiddy,,,https://en.wikipedia.org/wiki/Nsibidi,,,
*Nuin-999,Nuine Hieroglyphs,Ã‘uiÃ±e JeroglÃ­ficos,unclassified,,,,,
*Nwag-999,Nwagu Aneke Igbo âˆ Nwagá»¥ Aneke âˆ Nwagu Aneka Igbo,Umuleri Igbo,traditional-script,,https://en.wikipedia.org/wiki/Nwagu_Aneke_script,https://omniglot.com/writing/nwaguaneke.htm,,
*Odua-999,Oduduwa,Ã€Ã©bÃ¡jÃ¬ogbÃ¨ OdÃ¹duwÃ ,traditional-script,,https://en.wikipedia.org/wiki/Oduduwa_script,https://omniglot.com/writing/oduduwa.htm,https://www.endangeredalphabets.net/ohun-oduduwa/,
*Ogan-363,Ogan,,traditional-font-variant,,https://id.wikipedia.org/wiki/Aksara_Ogan,https://www.omniglot.com/writing/oganscript.htm,https://www.endangeredalphabets.net/ogan/,
*Biso-370,Old Bisaya,,traditional-font-variant,,https://bcl.wikipedia.org/wiki/Iskriturang_Guhit#/media/Ladawan:Several_Sulats_of_the_Philippines.jpg,,,
*Kaio-317,Old Kaithi,KaithÄ« BaranmÄlÄ âˆ ğ‘‚ğ‘‚¶ğ‘‚Ÿğ‘‚² ğ‘‚¥ğ‘‚©ğ‘‚¢ğ‘‚§ğ‘‚°ğ‘‚ªğ‘‚°,traditional-font-variant,,,,,
*Khmo-999,Old Khmer,,,,https://en.wikipedia.org/wiki/Old_Khmer,,,
*Kuro-999,Old Kurdish âˆ Ancient Kurdish,Binoshad Masi-Surati,,,,,,
*Omon-999,Old Mon,,,https://scriptsource.org/cms/scripts/page.php?item_id=language_detail&key=omx,,,,
*Nubo-204,Old Nubian âˆ Nubian,â²šâ²Ÿâ²©â²ƒâ²“â²›,traditional-font-variant,,,https://omniglot.com/writing/oldnubian.htm,,
*Suno-999,Old Sundanese âˆ Sunda Kuno,á®ƒá®Šá®ªá®á®› á®á®¥á®”á®ªá®“ á®Šá®¥á®”á®ªá®“ âˆ Aksara Sunda Buhun,,,https://en.wikipedia.org/wiki/Old_Sundanese_script,,,
*Olmc-999,Olmec âˆ Cascajal âˆ Monte AlbÃ¡n,,traditional-script,,https://en.wikipedia.org/wiki/Olmecs,,,
*Telo-999,Optical Telegraph,,traditional-cipher,,https://en.wikipedia.org/wiki/Optical_telegraph,,,
*Orac-998,Oracle Bone,ç”²éª¨æ–‡ âˆ jiÇgÇ”wÃ©n,traditional-script,,,https://omniglot.com/chinese/jiaguwen.htm,,https://www.unicode.org/L2/L2015/15280-n4687-oracle-bone.pdf
*Oroi-999,OromiÃ±Ã±a âˆ Oromo,,unclassified,,,,,
*Oroo-999,Oromo,,unclassified,,,,,https://www.unicode.org/L2/L2023/23203-update-african-scripts.pdf#page=14
*Oxus-999,Oxus,,unclassified,,https://en.wikipedia.org/wiki/Bactria%E2%80%93Margiana_Archaeological_Complex#Writing,,,
*Oxus-999,Oxus,,,,,,,
*Pach-999,Pachumol âˆ Pacumol,à¤ªà¤¾à¤šà¥à¤®à¥‹à¤² à¤²à¤¿à¤ªà¤¿,,,,,,
*Paha-999,Pahawh Hmong (I) âˆ Pahawh Hmong First Stage,Pahawh Pa,traditional-script,,,,,
*Palp-999,Pale Palaung,,,,https://en.wikipedia.org/wiki/Palaung_language,,,
*Pale-160,Palembang,,traditional-font-variant,,,,,
*Pali-368,Pali (Kawi),,traditional-font-variant,,,,,
*Pand-999,Pandwani,à¤ªà¤‚à¤¡à¤µà¤£à¥€ à¤²à¤¿à¤ªà¤¿,,,,,https://www.endangeredalphabets.net/pandwani/,
*Pang-999,Pangasinan,,traditional-font-variant,,https://bcl.wikipedia.org/wiki/Iskriturang_Guhit#/media/Ladawan:Several_Sulats_of_the_Philippines.jpg,,,
*Lydp-999,Para-Lydian,,,,https://en.wikipedia.org/wiki/Alphabets_of_Anatolia#Alphabets,,,
*Pauo-999,Paucartambo,,,,,,,https://www.unicode.org/notes/tn4/everson-iuc21pap.pdf#page=21
*Petr-999,Petroglyph,,,,https://en.wikipedia.org/wiki/Petroglyph,,,
*Phry-999,Phrygian,,traditional-font-variant,,https://en.wikipedia.org/wiki/Phrygian_alphabet,,,
*Pict-999,Pictish symbols,,unclassified,,https://en.wikipedia.org/wiki/Pictish_stone,,,
*Pigp-999,Pigpen âˆ masonic âˆ Freemason âˆ Rosicrucian,,artificial-cipher,,https://en.wikipedia.org/wiki/Pigpen_cipher,,,
*Pisa-999,Pisa Baptistery,,unclassified,,,,,
*Pisi-999,Pisidian,,,,https://en.wikipedia.org/wiki/Alphabets_of_Anatolia#Alphabets,,,
*Pitm-998,Pitman Shorthand,,,,,https://www.omniglot.com/writing/shorthand.htm,,https://www.unicode.org/L2/L2016/16196-pitman.pdf
*Mayp-337,Poirei Mayek,,traditional-font-variant,,,,,
*Porj-999,Porja,,,,,https://www.omniglot.com/writing/porja.htm,,
*Poya-999,Poya Songbook,,,,,,https://www.endangeredalphabets.net/poya-songbook-script/,
*Brap-999,Proto-Brahmi âˆ Proto Brahmi,,,,,,,
*Bulp-999,Proto-Bulgarian âˆ Proto Bulgarian,kÑŠnig,,,https://de.wikipedia.org/wiki/Protobulgaren#/media/Datei:Bulgar_runic_letters.png,,,
Pcun-015,Proto-Cuneiform âˆ Proto Cuneiform âˆ proto-cunÃ©iforme,,traditional-script,https://www.scriptsource.org/cms/scripts/page.php?item_id=script_detail&key=Pcun,https://en.wikipedia.org/wiki/Proto-cuneiform,,,https://www.unicode.org/L2/L2023/23190-proto-cuneiform.pdf
Pcun-015,Proto-Cuneiform âˆ Proto Cuneiform âˆ proto-cunÃ©iforme,,traditional-numeral,https://www.scriptsource.org/cms/scripts/page.php?item_id=script_detail&key=Pcun,https://en.wikipedia.org/wiki/Proto-cuneiform_numerals,,,https://www.unicode.org/L2/L2023/23190-proto-cuneiform.pdf
Pelm-016,Proto-Elamite âˆ Proto Elamite âˆ proto-Ã©lamite,,unclassified,https://www.scriptsource.org/cms/scripts/page.php?item_id=script_detail&key=Pelm,https://en.wikipedia.org/wiki/Proto-Elamite_script,https://www.omniglot.com/writing/elamite.htm,,https://www.unicode.org/L2/L2023/23196-proto-elamite.pdf
Pelm-016,Proto-Elamite âˆ Proto Elamite âˆ proto-Ã©lamite,,traditional-numeral,https://www.scriptsource.org/cms/scripts/page.php?item_id=script_detail&key=Pelm,https://en.wikipedia.org/wiki/Proto-Elamite_script,https://www.omniglot.com/writing/elamite.htm,,https://www.unicode.org/L2/L2023/23196-proto-elamite.pdf
*Pung-999,Pungchung âˆ sPungs-chung âˆ Lesser Pung,Pungchung âˆ à½¦à¾¤à½´à½„à½¦à¼‹à½†à½´à½„à¼‹,,,,,,
*Puni-115,Punic,,traditional-font-variant,,,https://omniglot.com/writing/punic.htm,,
*Licp-999,Purva Licchavi âˆ Pro-Lichchhavi âˆ Pre-Licchavi,Licchavi (Purva),traditional-script,,,https://www.omniglot.com/writing/purvalicchavi.htm,,
*Push-999,Pushkarasari âˆ Kohi,à¤ªà¥à¤·à¥à¤•à¤°à¤¸à¤¾à¤°à¤¿,unclassified,,https://en.wikipedia.org/wiki/Pushkarasari_script,,,
*Pumo-999,Puyai Pumo,,,,,,https://www.endangeredalphabets.net/puyai-pumo-script/,
*Quik-281,Quikscript âˆ Second Shaw,Read Alphabet,artificial-font-variant,,https://en.wikipedia.org/wiki/Quikscript,,,
*Quip-999,Quipu,Khipu,traditional-script,,,,https://www.endangeredalphabets.net/khipu/,
*Quip-999,Quipu,Khipu,traditional-numeral,,,,https://www.endangeredalphabets.net/khipu/,
*Quoc-999,Quá»‘c Ã‚m TÃ¢n Tá»±,åœ‹éŸ³æ–°å­—,,,https://en.wikipedia.org/wiki/History_of_writing_in_Vietnam#Qu%E1%BB%91c_%C3%A2m_t%C3%A2n_t%E1%BB%B1,,,
*Rail-999,Railway signalling,,,,https://en.wikipedia.org/wiki/Railway_signalling,,,
*Haur-999,Raina Kama (Hausa) âˆ Raina Kama,,traditional-script,https://www.scriptsource.org/cms/scripts/page.php?item_id=script_detail&key=Qa15,,,,
*Rakh-999,Rakhawunna,,traditional-script,,https://zh.wikipedia.org/zh-cn/%E8%8B%A5%E5%BC%80%E8%AF%AD,,,
*Ramk-999,Ramkhamhaeng,,,,https://en.wikipedia.org/wiki/Ram_Khamhaeng_Inscription,,,
*Rana-999,Rana,,,,,https://www.omniglot.com/writing/rana.htm,,
*Rash-125,Rashi,,traditional-font-variant,,https://en.wikipedia.org/wiki/Rashi_script,,,
*Rkta-999,Rashtrakuta,à²°à²¾à²·à³à²Ÿà³à²°à²•à³‚à²Ÿ,traditional-font-variant,,,,,
*Ratt-999,Rattanakosin,,,,,,,
*Regu-500,Regular,,traditional-font-variant,,https://en.wikipedia.org/wiki/Regular_script,,,
*Rika-361,Rikasara,Rikasara Cirebon,traditional-font-variant,,https://id.wikipedia.org/wiki/Bahasa_Cirebon#Aksara_Rikasara_Cirebon,,,
*Squa-999,Roman Capitals,,artificial-font-variant,,https://en.wikipedia.org/wiki/Roman_square_capitals,,,
*Romc-215,Roman Cursive,,traditional-font-variant,https://www.scriptsource.org/cms/scripts/page.php?item_id=script_detail&key=Latn,https://en.wikipedia.org/wiki/Latin_script_in_Unicode,https://www.omniglot.com/writing/romancursive.htm,,
*Romc-215,Roman Numerals,,,https://www.scriptsource.org/cms/scripts/page.php?item_id=script_detail&key=Latn,https://en.wikipedia.org/wiki/Roman_numerals,,,
*Rond-999,Ronde,,artificial-font-variant,,https://en.wikipedia.org/wiki/Ronde_script,,,
*Rosa-999,Rosary,Misbaha âˆ Japamala,,,https://en.wikipedia.org/wiki/Rosary,,,
*Rotu-999,Rotunda,,artificial-font-variant,,https://en.wikipedia.org/wiki/Rotunda_(script),,,
*Roun-215,Round-Hand âˆ roundhand,italic cursiva âˆ italic circumflessa âˆ rhonde,artificial-font-variant,,https://en.wikipedia.org/wiki/Round_hand,,,
*Ruan-999,Ruanghiak âˆ Naga Ruanghiak,Rongmei Naga Ruanghiak,traditional-script,,,,https://www.endangeredalphabets.net/rongmei-naga-ruanghiak/,
*Russ-220,Russian cursive,,traditional-font-variant,,https://en.wikipedia.org/wiki/Russian_cursive,,,
*Rust-999,Rustic Capitals,,artificial-font-variant,,https://en.wikipedia.org/wiki/Rustic_capitals,https://www.omniglot.com/writing/rusticcaptials.htm,,
*Saam-999,Saami drums âˆ Saami runes Finnmark,SÃ¡mi noaidi,,,https://en.wikipedia.org/wiki/S%C3%A1mi_drum,,,
*Samv-999,Sambava,PÄluvan âˆ Parappecc âˆ Porul âˆ Paraya,traditional-script,,,,https://www.endangeredalphabets.net/paraya/,
*Sana-999,Sana'a âˆ Yemenite,,,,https://en.wikipedia.org/wiki/Sanaa_manuscript,,,
*Sani-999,Sani âˆ Yi (Sani),,,,,,,
*Saqq-999,Saqqara Starving,,unclassified,,https://en.wikipedia.org/wiki/The_Starving_of_Saqqara,,,
*Sara-327,Sarahapada (Odia),,traditional-font-variant,,https://en.wikipedia.org/wiki/Odia_script#/media/File:Odia_script_in_Dohakosa_by_Sarahapada.svg,,,
*Sasa-360,Sasak,Aksara Sasak,traditional-font-variant,,,https://www.omniglot.com/writing/sasak.htm,https://www.endangeredalphabets.net/sasak/,
*Sata-999,Satavahana,ğ‘€²ğ‘€¸ğ‘€¢ğ‘€¯ğ‘€¸ğ‘€³ğ‘€¦ âˆ Shatavahana,traditional-script,https://www.scriptsource.org/cms/scripts/page.php?item_id=script_detail&key=Qa49,https://en.wikipedia.org/wiki/Satavahana_dynasty,,,https://www.unicode.org/notes/tn4/everson-iuc21pap.pdf#page=15
*Sava-999,Savara,ğ‘ƒğ‘ƒšğ‘ƒ,,,,https://www.omniglot.com/writing/savara.htm,,
*Zhua-999,Sawndip âˆ Zhuang Square âˆ Old Zhuang âˆ Saw Cuengh,ğ­¨¡ğ®„« âˆ GÇ” ZhuÃ ngzÃ¬ âˆ fangkuang zhuangzi âˆ tusu zi,traditional-script,https://www.scriptsource.org/cms/scripts/page.php?item_id=script_detail&key=Qa52,,https://www.omniglot.com/writing/zhuang.htm,,
*Sawv-999,Sawveh âˆ Sawgoek,Sawva,unclassified,,https://en.wikipedia.org/wiki/Sawgoek,,,
*Sigl-999,Siglas poveiras,marcas poveiras,,,https://en.wikipedia.org/wiki/Siglas_poveiras,,,
*Sign-999,SignFont,,,,,,,
*Sinf-999,SignFont Notation,,artificial-notation,https://www.scriptsource.org/cms/scripts/page.php?item_id=script_detail&key=Qaao,,,,
*Sila-999,Silabario Amazonico,Silabario AmazÃ³nico âˆ SilAm,traditional-script,,,https://www.omniglot.com/conscripts/silam.htm,https://www.endangeredalphabets.net/silabario-amazonico/,
*Sing-999,Singapore,Singapura,,,https://en.wikipedia.org/wiki/Singapore_Stone,,,
*Sito-999,Sitovo,,unclassified,,https://en.wikipedia.org/wiki/Sitovo_inscription,,,
*Skor-220,Skoropis,,traditional-font-variant,,https://en.wikipedia.org/wiki/Skoropis,,,
*Mete-998,Slovene Alphabet,Metelko,artificial-font-variant,,,,,https://www.unicode.org/L2/L2023/23074-slovene-metelko.pdf
*Qins-998,Small Seal âˆ Shuowen Small Seal âˆ Qin âˆ QÃ­nzhuÃ n âˆ ZhuÃ nshÅ«,å°ç¯† âˆ xiÇozhuÃ n âˆ ç§¦ç¯† âˆ ç¯†æ›¸ ç¯†ä¹¦,traditional-script,,https://en.wikipedia.org/wiki/Small_seal_script,,,https://www.unicode.org/L2/L2015/15281-n4688-small-seal.pdf
*Smar-999,Smar,Maryig âˆ smar-tshugs âˆ lha babs yi ge,,,,,,
*Solr-999,Solresol,,artificial-notation,,,https://www.omniglot.com/writing/solresol.htm,,
*Sona-999,Sona,Lusona,,,https://en.wikipedia.org/wiki/Lusona,,https://www.endangeredalphabets.net/alphabets/sona/,
*Sone-999,Soneka,,,,,https://www.omniglot.com/conscripts/soneka.htm,,
*Song-999,Songhay,Songhai,,,,,,
*Soni-999,Soni,,,,,,https://www.endangeredalphabets.net/soni/,
Sora-398,Sora Sompeng âˆ sora sompeng,ğ‘ƒğ‘ƒ¦ğ‘ƒğ‘ƒ— ğ‘ƒğ‘ƒ¦ğ‘ƒ–ğ‘ƒ›ğ‘ƒ£ğ‘ƒ—,traditional-numeral,https://www.scriptsource.org/cms/scripts/page.php?item_id=script_detail&key=Sora,https://en.wikipedia.org/wiki/Sorang_Sompeng_script,https://www.omniglot.com/writing/sorangsompeng.htm,,https://www.unicode.org/L2/L2009/09189r-n3647r-sora-sompeng.pdf
*Semi-999,South Semitic,,,,https://en.wikipedia.org/wiki/South_Semitic_scripts,,,
*Spen-999,Spencerian,,artificial-font-variant,,https://en.wikipedia.org/wiki/Spencerian_script,,,
*Srbu-221,Srbulja,,traditional-font-variant,,https://en.wikipedia.org/wiki/Srbulja,,,
*Stav-999,Staveless runes,,,,https://en.wikipedia.org/wiki/Staveless_runes,,,
*Stok-998,Stokoe Notation,,artificial-notation,https://www.scriptsource.org/cms/scripts/page.php?item_id=script_detail&key=Qaaq,,,,https://www.unicode.org/L2/L2012/12133-toward-stokoe.pdf
*Suan-999,Suanpan âˆ Chinese Abacus âˆ Souanpan âˆ SuÃ npÃ¡n,ç®—ç›˜ âˆ ç®—ç›¤,traditional-numeral,,https://en.wikipedia.org/wiki/Suanpan,,,
*Suga-999,Sugali,,,,,https://www.omniglot.com/writing/sugali.htm,,
*Sukh-999,Sukhothai,,,,https://en.wikipedia.org/wiki/Sukhothai_script,https://www.omniglot.com/writing/sukhothai.htm,,
*Sume-999,Sumerian Pictograms,,,,,,,https://www.unicode.org/notes/tn4/everson-iuc21pap.pdf#page=19
*Sumh-999,Sumhung,,,,,,,
*Bisa-370,Surat Bisaya âˆ SÃºrat BisÃ¡yÃ¢,,traditional-font-variant,,,https://www.omniglot.com/conscripts/suratbisaya.htm,https://www.endangeredalphabets.net/surat-bisaya/,
Zsym-996,Symbols (Emoji) âˆ Dingbats,,,,,,,https://en.wikipedia.org/wiki/List_of_emojis
Zsye-993,Symbols âˆ Miscellaneous Symbols âˆ Technical Symbols,,,,https://en.wikipedia.org/wiki/Symbol,,,
*Sutt-999,SÃ¼tterlin,SÃ¼tterlinschrift,artificial-font-variant,,https://en.wikipedia.org/wiki/S%C3%BCtterlin,https://www.omniglot.com/writing/german.htm#suetterlin,,
*Tauu-999,Ta'u,Ta'u,unclassified,,,,,
*Tiir-999,Taalo Tiiriyaad,,unclassified,,https://en.wikipedia.org/wiki/Ancient_inscriptions_in_Somalia,,,
*Haut-999,Tafi (Hausa),Bisarat,traditional-script,https://www.scriptsource.org/cms/scripts/page.php?item_id=script_detail&key=Qa18,,,https://www.endangeredalphabets.net/tafi/,
*Taip-999,Tai Pao,Lai Pao âˆ Lai Paw,traditional-script,,https://en.wikipedia.org/wiki/Tai_Pao_language,,,
*Taiw-999,Taiwan Kana âˆ TÃ‚I-OÃ‚N-GÃ KHÃ-NAH,è‡º-ç£-èª å‡-å,,,,,,https://www.unicode.org/L2/L2020/20209r-taiwan-kana.pdf
*Taji-999,Tajin,,traditional-script,,,,,
*Abaj-999,Takalik Abaj âˆ Abaj-Takalik,,,,https://en.wikipedia.org/wiki/Mesoamerican_writing_systems#Abaj_Takalik_and_Kaminaljuy%C3%BA_scripts,,,
*Tall-999,Tally marks,Ishango âˆ Lebombo,traditional-numeral,,,,,
*Tamb-300,Tamil-Brahmi,Tamili âˆ Damili âˆ ğ‘€µğ‘€¶ğ‘€·ğ‘±ğ‘²ğ‘µ,traditional-font-variant,,https://en.wikipedia.org/wiki/Tamil-Brahmi,,,
*Tamy-999,Tamyig,,artificial-font-variant,,https://en.wikipedia.org/wiki/Tamyig_script,,,
*Tele-999,Telegraph code,,artificial-cipher,,https://en.wikipedia.org/wiki/Telegraph_code,,,
*Teot-999,Teotihuacan,Teotihuacano,traditional-script,,,,,
*Test-999,Testerian,,,,https://en.wikipedia.org/wiki/Testerian,,,
*Nith-999,Thai Nithet,,,,,,,
*Theb-999,Theban,Witches',artificial-cipher,,https://en.wikipedia.org/wiki/Theban_alphabet,https://www.omniglot.com/conscripts/theban.htm,,
*Thin-999,Thinite âˆ Proto-Saharan âˆ Proto Saharan,,,,,,,
*Thir-999,Thirke,à²•à³Šà²¡à²µ,traditional-script,,https://en.wikipedia.org/wiki/Thirke,,,
*Thom-999,Thomas Natural Shorthand,,,,https://en.wikipedia.org/wiki/Thomas_Natural_Shorthand,,,
*Tiro-999,Tironian âˆ Tironian notes,Notae Tironianae,,,https://en.wikipedia.org/wiki/Tironian_notes,,,
*Toca-999,Tocapu,,,,https://en.wikipedia.org/wiki/Tocapu,,,
*Todo-145,Todo (Mongolian) âˆ Clear script,á¡á¡†á¡‘á¡† á¡‹á¡…á¡’á¡…á¡ âˆ Ğ¢Ğ¾Ğ´Ğ¾ Ğ±Ğ¸Ñ‡Ğ¸Ğ³,traditional-font-variant,,https://en.wikipedia.org/wiki/Clear_Script,,,
*Totc-999,Totonac âˆ Gulf-Coastal,,,,,,,
*Aiga-999,Traffic Information System âˆ AIGA Symbols,,artificial-notation,,,,,
*Troy-999,Trojan,,,,https://en.wikipedia.org/wiki/Trojan_script,,,
*Tuji-999,Tujia,,unclassified,,https://en.wikipedia.org/wiki/Tujia_language#Possible_Ancient_Tujia_script,,,
*Tula-999,Tula,Xochicalco,traditional-script,,,,,
*Tuso-999,Tusona âˆ Kasona,,,,,,,https://www.unicode.org/L2/L2023/23203-update-african-scripts.pdf#page=14
*Typa-999,Typannot âˆ TYPANNOT,,artificial-script,,,,,
*Tart-999,TÄƒrtÄƒria,,,,https://en.wikipedia.org/wiki/T%C4%83rt%C4%83ria_tablets,,,
*Uche-999,Uchen,à½‘à½–à½´à¼‹à½…à½“à¼‹ âˆ Sambhota Lipi,,,https://en.wikipedia.org/wiki/Uchen_script,,,
*Umee-999,Ume âˆ Chugyig âˆ Ãœme,à½‘à½–à½´à¼‹à½˜à½ºà½‘à¼‹ âˆ à½à¾±à½´à½‚à¼‹à½¡à½²à½‚à¼‹,,,https://en.wikipedia.org/wiki/Um%C3%AA_script,,,
*Unic-215,Uncial,,artificial-font-variant,,https://en.wikipedia.org/wiki/Uncial_script,,,
*Usla-220,Uslar âˆ Caucasian Alphabets,,traditional-font-variant,,,,,https://www.unicode.org/L2/L2022/22262-cyrillic-caucasian-langs.pdf
*Licu-333,Uttar Licchavi âˆ Post-Licchavi,Licchavi (Uttar),traditional-font-variant,,,,,
*Vasc-999,Vasconic,,,,,,,
*Vexi-998,Vexillology,,artificial-notation,,https://en.wikipedia.org/wiki/Vexillology,,,https://www.unicode.org/L2/L2024/24245-vexillology-symbols.pdf
*Vija-345,Vijayanagara,à²µà²¿à²œà²¯à²¨à²—à²°,traditional-font-variant,,,,,
*Vikr-999,Vikramkhol,,unclassified,,https://en.wikipedia.org/wiki/Vikramkhol_Cave_Inscription,,,
*Vinc-999,VinÄa âˆ VinÄaâ€“TurdaÈ™ âˆ Vinca,Danube,unclassified,,https://en.wikipedia.org/wiki/Vin%C4%8Da_symbols,,,
*Visi-215,Visigothic,Littera Visigothica,traditional-font-variant,,,https://www.omniglot.com/writing/visigothic.htm,,
*Vyaz-220,Vyaz,Ğ²ÑĞ·ÑŒ âˆ Ğ²Ñ©Ğ·Ğ°Ñ‚Ğ¸ â°²â±—â°¸â°°â±…â°»,traditional-font-variant,,https://en.wikipedia.org/wiki/Vyaz_(Cyrillic_calligraphy),,,
*Wadi-999,Wadi el-Hol âˆ Wadi el-Ä¦Ã´l,,,,https://en.wikipedia.org/wiki/Wadi_el-Hol_inscriptions,,,
*Wala-999,WalÄbÅ«,,traditional-script,,,,https://www.endangeredalphabets.net/walabu/,
*Dafu-999,Warring States,Dafu shili âˆ Dafu shili ji,,,,,,
*Wols-999,Wolof Saaliw Wi âˆ Wolof Saliou Mbaye,,,,,,,https://www.unicode.org/L2/L2023/23203-update-african-scripts.pdf#page12
*Wolo-160,Wolofal,,traditional-font-variant,https://www.scriptsource.org/cms/scripts/page.php?item_id=script_detail&key=Arab,https://en.wikipedia.org/wiki/Wolofal_alphabet,,,
*Wuch-999,Wucheng symbols,,unclassified,,,,,
*Yary-220,Yaryzhka,ÑÑ€Ğ¸ÌĞ¶ĞºĞ° âˆ ÑĞ»Ğ¾Ğ±Ğ¾Ğ¶Ğ°Ğ½ÑÑŒĞºĞ¸Ğ¹ Ğ¿Ñ€Ğ°Ğ²Ğ¾Ğ¿Ğ¸Ñ âˆ Slobozhanshchyna,artificial-font-variant,,https://en.wikipedia.org/wiki/Yaryzhka,,,
*Yeru-999,Yerukula,,,,,https://www.omniglot.com/writing/yerukula.htm,,
*Yiig-999,Yi (Ideograph) âˆ Yi Classical,,traditional-script,,,,,https://www.unicode.org/L2/L2022/22183-yi-preliminary.pdf
*Yiji-998,Yijing âˆ Tai Xuan Jing âˆ Hexagrams,å…­åå››å¦,,,https://en.wikipedia.org/wiki/Hexagram_(I_Ching),,,
*Yifa-999,Yoruba Ifa Holy âˆ Aladura Holy,,,,,,https://www.endangeredalphabets.net/yoruba-holy-writing/,
*Futh-211,Younger Futhark,,traditional-font-variant,,,,,
*Yugt-999,Yugtun,,,,,https://omniglot.com/writing/yugtun.htm,,
*Yutt-999,Yuttasara,à¸¢à¸¸à¸•à¸•à¸ªà¸²à¸£à¸°,traditional-cipher,,,,,
*Zabu-999,Zabur,ZabÅ«r,,,,,,
*Hauz-999,Zanan (Hausa),,traditional-script,,,,,
*Zabl-215,Zaner-Bloser,Teaching_script,traditional-font-variant,,https://en.wikipedia.org/wiki/Zaner-Bloser_(teaching_script),,,
*Zapo-999,Zapotec,,traditional-script,,,,,
*Musz-998,Znamenny Musical Notation âˆ Znamenny Chant notation,Ğ—Ğ½Ğ°Ğ¼ĞµĞ½Ğ½Ğ¾Ğµ Ğ¿ĞµĞ½Ğ¸Ğµ âˆ Ğ·Ğ½Ğ°Ğ¼ĞµĞ½Ğ½Ñ‹Ğ¹ Ñ€Ğ°ÑĞ¿ĞµĞ²,traditional-notation,,https://en.wikipedia.org/wiki/Znamenny_Musical_Notation,,,
*Zoux-999,Zou (Congo),,traditional-script,,,,,
*Zouz-999,Zou (India),Zo lai,traditional-script,https://www.scriptsource.org/cms/scripts/page.php?item_id=script_detail&key=Qa23,,,,https://www.unicode.org/L2/L2010/10254r2-zou.pdf
glyph-set-id,exonym,endonym,typeface,scriptsource,wikipedia,omniglot,endangeredalphabets,unicodeproposal
